{
    "name": "root",
    "gauges": {
        "CarAI.Policy.Entropy.mean": {
            "value": 3.0406494140625,
            "min": 3.0406494140625,
            "max": 3.0406494140625,
            "count": 1
        },
        "CarAI.Policy.Entropy.sum": {
            "value": 47212.1640625,
            "min": 47212.1640625,
            "max": 47212.1640625,
            "count": 1
        },
        "CarAI.Step.mean": {
            "value": 17299775.0,
            "min": 17299775.0,
            "max": 17299775.0,
            "count": 1
        },
        "CarAI.Step.sum": {
            "value": 17299775.0,
            "min": 17299775.0,
            "max": 17299775.0,
            "count": 1
        },
        "CarAI.Policy.ExtrinsicValueEstimate.mean": {
            "value": 0.4719330072402954,
            "min": 0.4719330072402954,
            "max": 0.4719330072402954,
            "count": 1
        },
        "CarAI.Policy.ExtrinsicValueEstimate.sum": {
            "value": 36.33884048461914,
            "min": 36.33884048461914,
            "max": 36.33884048461914,
            "count": 1
        },
        "CarAI.Environment.EpisodeLength.mean": {
            "value": 483.35483870967744,
            "min": 483.35483870967744,
            "max": 483.35483870967744,
            "count": 1
        },
        "CarAI.Environment.EpisodeLength.sum": {
            "value": 14984.0,
            "min": 14984.0,
            "max": 14984.0,
            "count": 1
        },
        "CarAI.Environment.CumulativeReward.mean": {
            "value": 2.074990560931544,
            "min": 2.074990560931544,
            "max": 2.074990560931544,
            "count": 1
        },
        "CarAI.Environment.CumulativeReward.sum": {
            "value": 64.32470738887787,
            "min": 64.32470738887787,
            "max": 64.32470738887787,
            "count": 1
        },
        "CarAI.Policy.ExtrinsicReward.mean": {
            "value": 2.074990560931544,
            "min": 2.074990560931544,
            "max": 2.074990560931544,
            "count": 1
        },
        "CarAI.Policy.ExtrinsicReward.sum": {
            "value": 64.32470738887787,
            "min": 64.32470738887787,
            "max": 64.32470738887787,
            "count": 1
        },
        "CarAI.IsTraining.mean": {
            "value": 1.0,
            "min": 1.0,
            "max": 1.0,
            "count": 1
        },
        "CarAI.IsTraining.sum": {
            "value": 1.0,
            "min": 1.0,
            "max": 1.0,
            "count": 1
        }
    },
    "metadata": {
        "timer_format_version": "0.1.0",
        "start_time_seconds": "1740507441",
        "python_version": "3.10.11 (tags/v3.10.11:7d4cc5a, Apr  5 2023, 00:38:17) [MSC v.1929 64 bit (AMD64)]",
        "command_line_arguments": "C:\\Users\\OwenWork\\.pyenv\\pyenv-win\\versions\\3.10.11\\Scripts\\mlagents-learn config/CarAI.yaml --run-id=CarAITest57 --resume",
        "mlagents_version": "1.1.0",
        "mlagents_envs_version": "1.1.0",
        "communication_protocol_version": "1.5.0",
        "pytorch_version": "2.2.2+cu121",
        "numpy_version": "1.23.5",
        "end_time_seconds": "1740507577"
    },
    "total": 136.2478927000011,
    "count": 1,
    "self": 0.004085600001417333,
    "children": {
        "run_training.setup": {
            "total": 0.09473119999893242,
            "count": 1,
            "self": 0.09473119999893242
        },
        "TrainerController.start_learning": {
            "total": 136.14907590000075,
            "count": 1,
            "self": 0.24026790029893164,
            "children": {
                "TrainerController._reset_env": {
                    "total": 4.360696199997619,
                    "count": 1,
                    "self": 4.360696199997619
                },
                "TrainerController.advance": {
                    "total": 131.4577293997063,
                    "count": 23301,
                    "self": 0.23679269912099699,
                    "children": {
                        "env_step": {
                            "total": 127.62971420022586,
                            "count": 23301,
                            "self": 116.99084399991261,
                            "children": {
                                "SubprocessEnvManager._take_step": {
                                    "total": 10.465942500606616,
                                    "count": 23301,
                                    "self": 0.7609044006603654,
                                    "children": {
                                        "TorchPolicy.evaluate": {
                                            "total": 9.70503809994625,
                                            "count": 23301,
                                            "self": 9.70503809994625
                                        }
                                    }
                                },
                                "workers": {
                                    "total": 0.17292769970663358,
                                    "count": 23300,
                                    "self": 0.0,
                                    "children": {
                                        "worker_root": {
                                            "total": 69.62322009972195,
                                            "count": 23300,
                                            "is_parallel": true,
                                            "self": 26.860184799657873,
                                            "children": {
                                                "steps_from_proto": {
                                                    "total": 0.0003623000011430122,
                                                    "count": 1,
                                                    "is_parallel": true,
                                                    "self": 7.809999806340784e-05,
                                                    "children": {
                                                        "_process_rank_one_or_two_observation": {
                                                            "total": 0.00028420000307960436,
                                                            "count": 4,
                                                            "is_parallel": true,
                                                            "self": 0.00028420000307960436
                                                        }
                                                    }
                                                },
                                                "UnityEnvironment.step": {
                                                    "total": 42.76267300006293,
                                                    "count": 23300,
                                                    "is_parallel": true,
                                                    "self": 0.9496552999335108,
                                                    "children": {
                                                        "UnityEnvironment._generate_step_input": {
                                                            "total": 0.7988221998602967,
                                                            "count": 23300,
                                                            "is_parallel": true,
                                                            "self": 0.7988221998602967
                                                        },
                                                        "communicator.exchange": {
                                                            "total": 38.463542400266306,
                                                            "count": 23300,
                                                            "is_parallel": true,