{
    "name": "root",
    "gauges": {
        "CarAI.Policy.Entropy.mean": {
            "value": 1.3506784439086914,
            "min": 1.3506784439086914,
            "max": 1.4184019565582275,
            "count": 2
        },
        "CarAI.Policy.Entropy.sum": {
            "value": 13567.564453125,
            "min": 13567.564453125,
            "max": 14195.3671875,
            "count": 2
        },
        "CarAI.Step.mean": {
            "value": 19951.0,
            "min": 9944.0,
            "max": 19951.0,
            "count": 2
        },
        "CarAI.Step.sum": {
            "value": 19951.0,
            "min": 9944.0,
            "max": 19951.0,
            "count": 2
        },
        "CarAI.Policy.ExtrinsicValueEstimate.mean": {
            "value": -13.758744239807129,
            "min": -26.513996124267578,
            "max": -13.758744239807129,
            "count": 2
        },
        "CarAI.Policy.ExtrinsicValueEstimate.sum": {
            "value": -2380.2626953125,
            "min": -5780.05126953125,
            "max": -2380.2626953125,
            "count": 2
        },
        "CarAI.Losses.PolicyLoss.mean": {
            "value": 0.2393928419948669,
            "min": 0.2393928419948669,
            "max": 0.24596625110122666,
            "count": 2
        },
        "CarAI.Losses.PolicyLoss.sum": {
            "value": 18.672641675599618,
            "min": 18.672641675599618,
            "max": 19.677300088098132,
            "count": 2
        },
        "CarAI.Losses.ValueLoss.mean": {
            "value": 38.26888082935965,
            "min": 38.26888082935965,
            "max": 38.66183417587297,
            "count": 2
        },
        "CarAI.Losses.ValueLoss.sum": {
            "value": 2984.972704690053,
            "min": 2984.972704690053,
            "max": 3092.9467340698375,
            "count": 2
        },
        "CarAI.Policy.LearningRate.mean": {
            "value": 0.0029999098419260825,
            "min": 0.0029999098419260825,
            "max": 0.0029999698303510057,
            "count": 2
        },
        "CarAI.Policy.LearningRate.sum": {
            "value": 0.23399296767023445,
            "min": 0.23399296767023445,
            "max": 0.23999758642808044,
            "count": 2
        },
        "CarAI.Policy.Epsilon.mean": {
            "value": 0.19999699473076923,
            "min": 0.19999699473076923,
            "max": 0.19999899434500001,
            "count": 2
        },
        "CarAI.Policy.Epsilon.sum": {
            "value": 15.599765589,
            "min": 15.599765589,
            "max": 15.999919547600001,
            "count": 2
        },
        "CarAI.Policy.Beta.mean": {
            "value": 0.0005000000000000001,
            "min": 0.0005000000000000001,
            "max": 0.0005000000000000001,
            "count": 2
        },
        "CarAI.Policy.Beta.sum": {
            "value": 0.03900000000000001,
            "min": 0.03900000000000001,
            "max": 0.04000000000000001,
            "count": 2
        },
        "CarAI.Environment.EpisodeLength.mean": {
            "value": 245.24324324324326,
            "min": 78.6774193548387,
            "max": 245.24324324324326,
            "count": 2
        },
        "CarAI.Environment.EpisodeLength.sum": {
            "value": 9074.0,
            "min": 9074.0,
            "max": 9756.0,
            "count": 2
        },
        "CarAI.Environment.CumulativeReward.mean": {
            "value": -54.14110895324297,
            "min": -54.679282759323776,
            "max": -54.14110895324297,
            "count": 2
        },
        "CarAI.Environment.CumulativeReward.sum": {
            "value": -2003.22103126999,
            "min": -6780.231062156148,
            "max": -2003.22103126999,
            "count": 2
        },
        "CarAI.Policy.ExtrinsicReward.mean": {
            "value": -54.14110895324297,
            "min": -54.679282759323776,
            "max": -54.14110895324297,
            "count": 2
        },
        "CarAI.Policy.ExtrinsicReward.sum": {
            "value": -2003.22103126999,
            "min": -6780.231062156148,
            "max": -2003.22103126999,
            "count": 2
        },
        "CarAI.IsTraining.mean": {
            "value": 1.0,
            "min": 1.0,
            "max": 1.0,
            "count": 2
        },
        "CarAI.IsTraining.sum": {
            "value": 1.0,
            "min": 1.0,
            "max": 1.0,
            "count": 2
        }
    },
    "metadata": {
        "timer_format_version": "0.1.0",
        "start_time_seconds": "1736089568",
        "python_version": "3.10.11 (tags/v3.10.11:7d4cc5a, Apr  5 2023, 00:38:17) [MSC v.1929 64 bit (AMD64)]",
        "command_line_arguments": "C:\\Users\\OwenWork\\.pyenv\\pyenv-win\\versions\\3.10.11\\Scripts\\mlagents-learn config/CarAI.yaml --run-id=CarAITest13",
        "mlagents_version": "1.1.0",
        "mlagents_envs_version": "1.1.0",
        "communication_protocol_version": "1.5.0",
        "pytorch_version": "2.2.2+cu121",
        "numpy_version": "1.23.5",
        "end_time_seconds": "1736089812"
    },
    "total": 243.8204210999993,
    "count": 1,
    "self": 10.003389100002096,
    "children": {
        "run_training.setup": {
            "total": 0.06176139999843144,
            "count": 1,
            "self": 0.06176139999843144
        },
        "TrainerController.start_learning": {
            "total": 233.75527059999877,
            "count": 1,
            "self": 0.34241970003677125,
            "children": {
                "TrainerController._reset_env": {
                    "total": 5.169899500000611,
                    "count": 1,
                    "self": 5.169899500000611
                },
                "TrainerController.advance": {
                    "total": 228.17361529996197,
                    "count": 24644,
                    "self": 0.3311491004224081,
                    "children": {
                        "env_step": {
                            "total": 205.09113489987067,
                            "count": 24644,
                            "self": 191.09360199994262,
                            "children": {
                                "SubprocessEnvManager._take_step": {
                                    "total": 13.769757399890295,
                                    "count": 24645,
                                    "self": 1.0277109998896776,
                                    "children": {
                                        "TorchPolicy.evaluate": {
                                            "total": 12.742046400000618,
                                            "count": 24484,
                                            "self": 12.742046400000618
                                        }
                                    }
                                },
                                "workers": {
                                    "total": 0.22777550003775104,
                                    "count": 24643,
                                    "self": 0.0,
                                    "children": {
                                        "worker_root": {
                                            "total": 221.6988127000477,
                                            "count": 24643,
                                            "is_parallel": true,
                                            "self": 52.72576879998633,
                                            "children": {
                                                "steps_from_proto": {
                                                    "total": 0.0004875999984506052,
                                                    "count": 2,
                                                    "is_parallel": true,
                                                    "self": 0.00013339999713934958,