{
    "name": "root",
    "metadata": {
        "timer_format_version": "0.1.0",
        "start_time_seconds": "1737123904",
        "python_version": "3.10.11 (tags/v3.10.11:7d4cc5a, Apr  5 2023, 00:38:17) [MSC v.1929 64 bit (AMD64)]",
        "command_line_arguments": "C:\\Users\\OwenWork\\.pyenv\\pyenv-win\\versions\\3.10.11\\Scripts\\mlagents-learn config/CarAI.yaml --run-id=CarAITest38",
        "mlagents_version": "1.1.0",
        "mlagents_envs_version": "1.1.0",
        "communication_protocol_version": "1.5.0",
        "pytorch_version": "2.2.2+cu121",
        "numpy_version": "1.23.5",
        "end_time_seconds": "1737123979"
    },
    "total": 74.08961970000018,
    "count": 1,
    "self": 0.0035910000005969778,
    "children": {
        "run_training.setup": {
            "total": 0.06359279999924183,
            "count": 1,
            "self": 0.06359279999924183
        },
        "TrainerController.start_learning": {
            "total": 74.02243590000035,
            "count": 1,
            "self": 0.1453753998994216,
            "children": {
                "TrainerController._reset_env": {
                    "total": 4.395721999999296,
                    "count": 1,
                    "self": 4.395721999999296
                },
                "TrainerController.advance": {
                    "total": 69.42148560010173,
                    "count": 12375,
                    "self": 0.12906790047782124,
                    "children": {
                        "env_step": {
                            "total": 67.85915299975568,
                            "count": 12375,
                            "self": 61.69792579985915,
                            "children": {
                                "SubprocessEnvManager._take_step": {
                                    "total": 6.066237200036994,
                                    "count": 12375,
                                    "self": 0.4291408999142732,
                                    "children": {
                                        "TorchPolicy.evaluate": {
                                            "total": 5.637096300122721,
                                            "count": 12367,
                                            "self": 5.637096300122721
                                        }
                                    }
                                },
                                "workers": {
                                    "total": 0.0949899998595356,
                                    "count": 12374,
                                    "self": 0.0,
                                    "children": {
                                        "worker_root": {
                                            "total": 58.089882700045564,
                                            "count": 12374,
                                            "is_parallel": true,
                                            "self": 14.617651200085675,
                                            "children": {
                                                "steps_from_proto": {
                                                    "total": 0.0002746999998635147,
                                                    "count": 1,
                                                    "is_parallel": true,
                                                    "self": 7.019999975454994e-05,
                                                    "children": {
                                                        "_process_rank_one_or_two_observation": {
                                                            "total": 0.00020450000010896474,
                                                            "count": 4,
                                                            "is_parallel": true,
                                                            "self": 0.00020450000010896474
                                                        }
                                                    }
                                                },
                                                "UnityEnvironment.step": {
                                                    "total": 43.471956799960026,
                                                    "count": 12374,
                                                    "is_parallel": true,
                                                    "self": 0.5469799999355018,
                                                    "children": {
                                                        "UnityEnvironment._generate_step_input": {
                                                            "total": 0.4414356999568554,
                                                            "count": 12374,
                                                            "is_parallel": true,
                                                            "self": 0.4414356999568554
                                                        },
                                                        "communicator.exchange": {
                                                            "total": 41.031780700166564,
                                                            "count": 12374,
                                                            "is_parallel": true,
                                                            "self": 41.031780700166564
                                                        },
                                                        "steps_from_proto": {
                                                            "total": 1.4517603999011044,
                                                            "count": 12372,
                                                            "is_parallel": true,
                                                            "self": 0.5115182996596559,
                                                            "children": {
                                                                "_process_rank_one_or_two_observation": {
                                                                    "total": 0.9402421002414485,
                                                                    "count": 49488,
                                                                    "is_parallel": true,
                                                                    "self": 0.9402421002414485
                                                                }
                                                            }
                                                        }
                                                    }
                                                }
                                            }
                                        }
                                    }
                                }
                            }
                        },
                        "trainer_advance": {
                            "total": 1.4332646998682321,
                            "count": 12374,
                            "self": 0.16564179996748862,
                            "children": {
                                "process_trajectory": {
                                    "total": 0.3940144999032782,
                                    "count": 12374,
                                    "self": 0.3940144999032782
                                },
                                "_update_policy": {
                                    "total": 0.8736083999974653,
                                    "count": 2,
                                    "self": 0.5582582000024559,
                                    "children": {
                                        "TorchPPOOptimizer.update": {
                                            "total": 0.31535019999500946,
                                            "count": 48,