{"count":1,"self":13583.609036799999,"total":42077.677002899996,"children":{"InitializeActuators":{"count":1,"self":0.0009839,"total":0.0009839,"children":null},"InitializeSensors":{"count":1,"self":0.00099669999999999989,"total":0.00099669999999999989,"children":null},"AgentSendState":{"count":16001085,"self":725.3888512,"total":1287.5611784,"children":{"CollectObservations":{"count":16001085,"self":68.974272,"total":68.9742703,"children":null},"WriteActionMask":{"count":16001085,"self":9.198684,"total":9.1986843,"children":null},"RequestDecision":{"count":16001085,"self":40.3032032,"total":483.9993624,"children":{"AgentInfo.ToProto":{"count":16001085,"self":34.2788512,"total":443.69616019999995,"children":{"GenerateSensorData":{"count":16001085,"self":376.61055999999996,"total":409.41730939999997,"children":{"RayPerceptionSensor.Perceive":{"count":16001085,"self":32.8067552,"total":32.8067554,"children":null}}}}}}}}},"DecideAction":{"count":16001085,"self":26920.3603456,"total":26920.360252299997,"children":null},"AgentAct":{"count":16001085,"self":284.93903359999996,"total":286.1436683,"children":{"AgentInfo.ToProto":{"count":9063,"self":0.023683899999999997,"total":1.204645,"children":{"GenerateSensorData":{"count":9063,"self":1.1610326,"total":1.1809611,"children":{"RayPerceptionSensor.Perceive":{"count":9063,"self":0.0199285,"total":0.0199285,"children":null}}}}}}}},"gauges":{"CarAI.CumulativeReward":{"count":9063,"max":6.59058332,"min":-4.4672327,"runningAverage":2.2930007,"value":2.39796352,"weightedAverage":2.28024459}},"metadata":{"timer_format_version":"0.1.0","start_time_seconds":"1740054906","unity_version":"2022.3.46f1","command_line_arguments":"C:\\Program Files\\Unity\\Hub\\Editor\\2022.3.46f1\\Editor\\Unity.exe -projectpath C:\\Users\\OwenWork\\Documents\\GitHub\\Crimbo\\CarAI -useHub -hubIPC -cloudEnvironment production -licensingIpc LicenseClient-OwenWork -hubSessionId 26a1c3b1-2ef9-4f7a-9f1e-9f4c362d4c12 -accessToken nZxU6up42Uq5HQ0-RgJW2LRPaIBnkeQ8WwuQZ9QJaos005f","communication_protocol_version":"1.5.0","com.unity.ml-agents_version":"2.0.1","scene_name":"Complete Road Scene","end_time_seconds":"1740096983"}}