{"count":1,"self":11105.3029376,"total":40442.1964801,"children":{"InitializeActuators":{"count":1,"self":0,"total":0,"children":null},"InitializeSensors":{"count":1,"self":0.0010000999999999999,"total":0.0010000999999999999,"children":null},"AgentSendState":{"count":14920118,"self":1136.2009088,"total":3762.6240331,"children":{"CollectObservations":{"count":14920118,"self":26.6739952,"total":26.673994699999998,"children":null},"WriteActionMask":{"count":14920118,"self":8.2402944,"total":8.2402941,"children":null},"RequestDecision":{"count":14920118,"self":36.3769856,"total":2563.1602764,"children":{"AgentInfo.ToProto":{"count":14920118,"self":35.582096,"total":2526.7832909999997,"children":{"GenerateSensorData":{"count":14920118,"self":2460.9196032,"total":2491.2011958,"children":{"RayPerceptionSensor.Perceive":{"count":14920118,"self":30.2816096,"total":30.281608499999997,"children":null}}}}}}},"RayPerceptionSensor.Perceive":{"count":14920101,"self":28.348569599999998,"total":28.348568099999998,"children":null}}},"DecideAction":{"count":14920118,"self":25460.8474112,"total":25460.846996599998,"children":null},"AgentAct":{"count":14920118,"self":112.786816,"total":113.4206676,"children":{"AgentInfo.ToProto":{"count":3703,"self":0.0079998,"total":0.62685059999999992,"children":{"GenerateSensorData":{"count":3703,"self":0.6098506,"total":0.61885079999999992,"children":{"RayPerceptionSensor.Perceive":{"count":3703,"self":0.0090002,"total":0.0090002,"children":null}}}}},"RayPerceptionSensor.Perceive":{"count":3703,"self":0.0069977,"total":0.0069977,"children":null}}}},"gauges":{"CarAI.CumulativeReward":{"count":3703,"max":2.94127464,"min":-1.16614139,"runningAverage":0.585943162,"value":1.00993454,"weightedAverage":0.974220634}},"metadata":{"timer_format_version":"0.1.0","start_time_seconds":"1738244005","unity_version":"2022.3.46f1","command_line_arguments":"C:\\Program Files\\Unity\\Hub\\Editor\\2022.3.46f1\\Editor\\Unity.exe -projectpath C:\\Users\\OwenWork\\Documents\\GitHub\\Crimbo\\CarAI -useHub -hubIPC -cloudEnvironment production -licensingIpc LicenseClient-OwenWork -hubSessionId 6bc59c16-7da2-425d-8bd5-17cde371f507 -accessToken zangSdXA4prhpJpGdtH-lcPqjlu1246iah4_Ky98V9g005f","communication_protocol_version":"1.5.0","com.unity.ml-agents_version":"2.0.1","scene_name":"Complete Road Scene","end_time_seconds":"1738284447"}}