{"count":1,"self":8288.0749568,"total":42512.8730632,"children":{"InitializeActuators":{"count":1,"self":0.0009966,"total":0.0009966,"children":null},"InitializeSensors":{"count":1,"self":0.0019933,"total":0.0019933,"children":null},"AgentSendState":{"count":11115501,"self":598.5662976,"total":2662.6681786999998,"children":{"CollectObservations":{"count":11115501,"self":47.3427424,"total":47.342740899999995,"children":null},"WriteActionMask":{"count":11115501,"self":7.6035952,"total":7.6035949,"children":null},"RequestDecision":{"count":11115501,"self":33.96152,"total":2009.1555297,"children":{"AgentInfo.ToProto":{"count":11115501,"self":29.4212192,"total":1975.1940088,"children":{"GenerateSensorData":{"count":11115501,"self":1922.0938752,"total":1945.7727908,"children":{"RayPerceptionSensor.Perceive":{"count":11115501,"self":23.6788176,"total":23.6788173,"children":null}}}}}}}}},"DecideAction":{"count":11115501,"self":28852.315750399997,"total":28852.3160149,"children":null},"AgentAct":{"count":11115501,"self":1575.5985919999998,"total":2709.8088115,"children":{"AgentInfo.ToProto":{"count":6405969,"self":22.220964799999997,"total":1134.2102664,"children":{"GenerateSensorData":{"count":6405969,"self":1091.8059008,"total":1111.9893009,"children":{"RayPerceptionSensor.Perceive":{"count":6405969,"self":20.1834432,"total":20.1834432,"children":null}}}}}}}},"gauges":{"CarAI.CumulativeReward":{"count":6405969,"max":4.302157,"min":-0.834800839,"runningAverage":0.996814132,"value":1,"weightedAverage":1.00000024}},"metadata":{"timer_format_version":"0.1.0","start_time_seconds":"1739793908","unity_version":"2022.3.46f1","command_line_arguments":"C:\\Program Files\\Unity\\Hub\\Editor\\2022.3.46f1\\Editor\\Unity.exe -projectpath C:\\Users\\OwenWork\\Documents\\GitHub\\Crimbo\\CarAI -useHub -hubIPC -cloudEnvironment production -licensingIpc LicenseClient-OwenWork -hubSessionId 4ccb25b0-4a54-4654-8382-e658d4eb36e0 -accessToken S18nEv19zlYHn3y5pPIi_iA3peuYGPawrXRrMIcJIR4005f","communication_protocol_version":"1.5.0","com.unity.ml-agents_version":"2.0.1","scene_name":"Complete Road Scene","end_time_seconds":"1739836421"}}