{"count":1,"self":11631.3923584,"total":44369.9222459,"children":{"InitializeActuators":{"count":1,"self":0,"total":0,"children":null},"InitializeSensors":{"count":1,"self":0.0019933999999999998,"total":0.0019933999999999998,"children":null},"AgentSendState":{"count":14467651,"self":1180.005888,"total":4006.7095354,"children":{"CollectObservations":{"count":14467651,"self":29.101580799999997,"total":29.101581399999997,"children":null},"WriteActionMask":{"count":14467651,"self":8.799956,"total":8.799956,"children":null},"RequestDecision":{"count":14467651,"self":47.094867199999996,"total":2760.9519071,"children":{"AgentInfo.ToProto":{"count":14467651,"self":39.5095424,"total":2713.8570397999997,"children":{"GenerateSensorData":{"count":14467651,"self":2643.7019648,"total":2674.3474959,"children":{"RayPerceptionSensor.Perceive":{"count":14467651,"self":30.645488,"total":30.6454877,"children":null}}}}}}},"RayPerceptionSensor.Perceive":{"count":14467634,"self":27.850243199999998,"total":27.8502425,"children":null}}},"DecideAction":{"count":14467651,"self":28596.122419199997,"total":28596.1216287,"children":null},"AgentAct":{"count":14467651,"self":134.84303359999998,"total":135.6966259,"children":{"AgentInfo.ToProto":{"count":4192,"self":0.011943899999999999,"total":0.84562799999999994,"children":{"GenerateSensorData":{"count":4192,"self":0.8237167,"total":0.83368409999999993,"children":{"RayPerceptionSensor.Perceive":{"count":4192,"self":0.0099674,"total":0.0099674,"children":null}}}}},"RayPerceptionSensor.Perceive":{"count":4192,"self":0.0079667,"total":0.0079667,"children":null}}}},"gauges":{"CarAI.CumulativeReward":{"count":4192,"max":3.49034929,"min":-1.73927867,"runningAverage":-0.05907543,"value":-0.0288829654,"weightedAverage":-0.0901565254}},"metadata":{"timer_format_version":"0.1.0","start_time_seconds":"1737977392","unity_version":"2022.3.46f1","command_line_arguments":"C:\\Program Files\\Unity\\Hub\\Editor\\2022.3.46f1\\Editor\\Unity.exe -projectpath C:\\Users\\OwenWork\\Documents\\GitHub\\Crimbo\\CarAI -useHub -hubIPC -cloudEnvironment production -licensingIpc LicenseClient-OwenWork -hubSessionId 1a6f0a6c-715b-45b5-b5dc-8b9b772c60cc -accessToken Z6l95PxqGp6iyny2CC8cz1vSy9-Xos8r-oYhfqQc8Sg005f","communication_protocol_version":"1.5.0","com.unity.ml-agents_version":"2.0.1","scene_name":"Complete Road Scene","end_time_seconds":"1738021761"}}