{"count":1,"self":4276.4693504,"total":20077.3364846,"children":{"InitializeActuators":{"count":1,"self":0,"total":0,"children":null},"InitializeSensors":{"count":1,"self":0.00099669999999999989,"total":0.00099669999999999989,"children":null},"AgentSendState":{"count":8252584,"self":392.25072639999996,"total":1853.5136903,"children":{"CollectObservations":{"count":8252584,"self":35.100767999999995,"total":35.1007696,"children":null},"WriteActionMask":{"count":8252584,"self":4.4434936,"total":4.4434938,"children":null},"RequestDecision":{"count":8252584,"self":19.6770848,"total":1421.7186918999998,"children":{"AgentInfo.ToProto":{"count":8252584,"self":21.1779104,"total":1402.0416065,"children":{"GenerateSensorData":{"count":8252584,"self":1363.831808,"total":1380.8636966,"children":{"RayPerceptionSensor.Perceive":{"count":8252584,"self":17.0319136,"total":17.0319136,"children":null}}}}}}}}},"DecideAction":{"count":8252584,"self":13791.579340799999,"total":13791.5797399,"children":null},"AgentAct":{"count":8252584,"self":154.3959424,"total":155.77166979999998,"children":{"AgentInfo.ToProto":{"count":8772,"self":0.0239548,"total":1.3757264999999999,"children":{"GenerateSensorData":{"count":8772,"self":1.3328704999999998,"total":1.3517717,"children":{"RayPerceptionSensor.Perceive":{"count":8772,"self":0.0189012,"total":0.0189012,"children":null}}}}}}}},"gauges":{"CarAI.CumulativeReward":{"count":8772,"max":6.89738846,"min":-0.47291252,"runningAverage":2.97707653,"value":3.155389,"weightedAverage":4.282182}},"metadata":{"timer_format_version":"0.1.0","start_time_seconds":"1739970473","unity_version":"2022.3.46f1","command_line_arguments":"C:\\Program Files\\Unity\\Hub\\Editor\\2022.3.46f1\\Editor\\Unity.exe -projectpath C:\\Users\\OwenWork\\Documents\\GitHub\\Crimbo\\CarAI -useHub -hubIPC -cloudEnvironment production -licensingIpc LicenseClient-OwenWork -hubSessionId 15def877-61be-4d29-b7a9-3afce4a7499a -accessToken od5ye6jm5PoMD-x2KwLHjpPkrfdoY1EZzjlAZfLWbUE005f","communication_protocol_version":"1.5.0","com.unity.ml-agents_version":"2.0.1","scene_name":"Complete Road Scene","end_time_seconds":"1739990550"}}