{"count":1,"self":12552.596684799999,"total":42119.3720073,"children":{"InitializeActuators":{"count":1,"self":0.0009966,"total":0.0009966,"children":null},"InitializeSensors":{"count":1,"self":0.0009965,"total":0.0009965,"children":null},"AgentSendState":{"count":15029818,"self":665.92911359999994,"total":3479.106761,"children":{"CollectObservations":{"count":15029818,"self":71.4234432,"total":71.42344469999999,"children":null},"WriteActionMask":{"count":15029818,"self":8.1986856,"total":8.1986856,"children":null},"RequestDecision":{"count":15029818,"self":39.6588928,"total":2733.5555004,"children":{"AgentInfo.ToProto":{"count":15029818,"self":39.937452799999996,"total":2693.8966087,"children":{"GenerateSensorData":{"count":15029818,"self":2622.7130368,"total":2653.9591573,"children":{"RayPerceptionSensor.Perceive":{"count":15029818,"self":31.246217599999998,"total":31.246216999999998,"children":null}}}}}}}}},"DecideAction":{"count":15029818,"self":25841.1380736,"total":25841.137608999998,"children":null},"AgentAct":{"count":15029818,"self":245.837952,"total":246.52658939999998,"children":{"AgentInfo.ToProto":{"count":3472,"self":0.0079706,"total":0.6886363,"children":{"GenerateSensorData":{"count":3472,"self":0.6716957,"total":0.68066569999999993,"children":{"RayPerceptionSensor.Perceive":{"count":3472,"self":0.0089699999999999988,"total":0.0089699999999999988,"children":null}}}}}}}},"gauges":{"CarAI.CumulativeReward":{"count":3472,"max":2.99520445,"min":-0.456829756,"runningAverage":1.12892342,"value":1.446306,"weightedAverage":1.25150931}},"metadata":{"timer_format_version":"0.1.0","start_time_seconds":"1738846656","unity_version":"2022.3.46f1","command_line_arguments":"C:\\Program Files\\Unity\\Hub\\Editor\\2022.3.46f1\\Editor\\Unity.exe -projectpath C:\\Users\\OwenWork\\Documents\\GitHub\\Crimbo\\CarAI -useHub -hubIPC -cloudEnvironment production -licensingIpc LicenseClient-OwenWork -hubSessionId 187b9d7d-86a9-4518-898f-ce69c2b704ba -accessToken CAw4uKf8KqRJ-6bGgPGEIa6CNfwyBz1TNHbDvlnlvoA005f","communication_protocol_version":"1.5.0","com.unity.ml-agents_version":"2.0.1","scene_name":"Complete Road Scene","end_time_seconds":"1738888775"}}