{"count":1,"self":4764.1608191999994,"total":16091.490759799999,"children":{"InitializeActuators":{"count":1,"self":0.00099669999999999989,"total":0.00099669999999999989,"children":null},"InitializeSensors":{"count":1,"self":0.0019925,"total":0.0019925,"children":null},"AgentSendState":{"count":5876234,"self":292.4718592,"total":424.504908,"children":{"CollectObservations":{"count":5876234,"self":26.2871904,"total":26.287190199999998,"children":null},"WriteActionMask":{"count":5876234,"self":3.724202,"total":3.7242021,"children":null},"RequestDecision":{"count":5876234,"self":16.681657599999998,"total":102.02164499999999,"children":{"AgentInfo.ToProto":{"count":5876234,"self":13.7719232,"total":85.3399869,"children":{"GenerateSensorData":{"count":5876234,"self":58.6676352,"total":71.5680632,"children":{"RayPerceptionSensor.Perceive":{"count":5876234,"self":12.900426399999999,"total":12.9004265,"children":null}}}}}}}}},"DecideAction":{"count":5876234,"self":10831.1273472,"total":10831.127714799999,"children":null},"AgentAct":{"count":5876234,"self":71.68238079999999,"total":71.693337599999992,"children":{"AgentInfo.ToProto":{"count":784,"self":0.0009976,"total":0.0109549,"children":{"GenerateSensorData":{"count":784,"self":0.0089617,"total":0.0099572999999999988,"children":{"RayPerceptionSensor.Perceive":{"count":784,"self":0.0009956,"total":0.0009956,"children":null}}}}}}}},"gauges":{"CarAI.CumulativeReward":{"count":784,"max":7.88913631,"min":-46.77826,"runningAverage":-0.5035678,"value":4.136729,"weightedAverage":-4.522081}},"metadata":{"timer_format_version":"0.1.0","start_time_seconds":"1741353339","unity_version":"2022.3.46f1","command_line_arguments":"C:\\Program Files\\Unity\\Hub\\Editor\\2022.3.46f1\\Editor\\Unity.exe -projectpath C:\\Users\\OwenWork\\Documents\\GitHub\\Crimbo\\CarAI -useHub -hubIPC -cloudEnvironment production -licensingIpc LicenseClient-OwenWork -hubSessionId 5dad5344-10cd-42d5-aa61-84fd674a6bd1 -accessToken vCRKUMuwtGkTw1qZTKAbd_ScWbrk07OpAjCYjq5myL8005f","communication_protocol_version":"1.5.0","com.unity.ml-agents_version":"2.0.1","scene_name":"Complete Road Scene","end_time_seconds":"1741369430"}}