{"count":1,"self":21890.4313856,"total":47545.8295295,"children":{"InitializeActuators":{"count":1,"self":0.00099739999999999985,"total":0.00099739999999999985,"children":null},"InitializeSensors":{"count":1,"self":0.0019933,"total":0.0019933,"children":null},"AgentSendState":{"count":34219019,"self":641.45244159999993,"total":2948.9029241999997,"children":{"CollectObservations":{"count":11406340,"self":21.5554816,"total":21.5554822,"children":null},"WriteActionMask":{"count":11406340,"self":6.3784044,"total":6.3784043,"children":null},"RequestDecision":{"count":11406340,"self":35.537340799999996,"total":2279.5166128,"children":{"AgentInfo.ToProto":{"count":11406340,"self":35.4940192,"total":2243.9792734,"children":{"GenerateSensorData":{"count":11406340,"self":2185.5799296,"total":2208.485253,"children":{"RayPerceptionSensor.Perceive":{"count":11406340,"self":22.905329599999998,"total":22.9053292,"children":null}}}}}}}}},"DecideAction":{"count":34219019,"self":22514.219417599998,"total":22514.2191304,"children":null},"AgentAct":{"count":34219019,"self":190.7942656,"total":192.2727766,"children":{"AgentInfo.ToProto":{"count":7506,"self":0.0248835,"total":1.4785118,"children":{"GenerateSensorData":{"count":7506,"self":1.4317180999999999,"total":1.4536282999999999,"children":{"RayPerceptionSensor.Perceive":{"count":7506,"self":0.021910199999999998,"total":0.021910199999999998,"children":null}}}}}}}},"gauges":{"CarAI.CumulativeReward":{"count":7506,"max":2.72500229,"min":-1.23299885,"runningAverage":0.102311522,"value":-0.775915742,"weightedAverage":0.1232795}},"metadata":{"timer_format_version":"0.1.0","start_time_seconds":"1737545200","unity_version":"2022.3.46f1","command_line_arguments":"C:\\Program Files\\Unity\\Hub\\Editor\\2022.3.46f1\\Editor\\Unity.exe -projectpath C:\\Users\\OwenWork\\Documents\\GitHub\\Crimbo\\CarAI -useHub -hubIPC -cloudEnvironment production -licensingIpc LicenseClient-OwenWork -hubSessionId ab6a6fdc-e455-418d-913a-bc8f9719a429 -accessToken 3snSUjyOQvjNLBSaAv-DpG4jsnCeSQZo0AV10eUdjKg005f","communication_protocol_version":"1.5.0","com.unity.ml-agents_version":"2.0.1","scene_name":"Complete Road Scene","end_time_seconds":"1737592746"}}