{"count":1,"self":1653.2932607999999,"total":7277.5030019,"children":{"InitializeActuators":{"count":1,"self":0.00099669999999999989,"total":0.00099669999999999989,"children":null},"InitializeSensors":{"count":1,"self":0.0019941,"total":0.0019941,"children":null},"AgentSendState":{"count":3205934,"self":152.56732159999999,"total":254.0715993,"children":{"CollectObservations":{"count":3205934,"self":13.394839999999999,"total":13.3948404,"children":null},"WriteActionMask":{"count":3205934,"self":1.6435693999999998,"total":1.6435693999999998,"children":null},"RequestDecision":{"count":3205934,"self":7.8914152,"total":86.4658683,"children":{"AgentInfo.ToProto":{"count":3205934,"self":6.4631468,"total":78.574452999999991,"children":{"GenerateSensorData":{"count":3205934,"self":65.3459712,"total":72.1113061,"children":{"RayPerceptionSensor.Perceive":{"count":3205934,"self":6.7653376,"total":6.7653371999999994,"children":null}}}}}}}}},"DecideAction":{"count":3205934,"self":5311.1808,"total":5311.180819,"children":null},"AgentAct":{"count":3205934,"self":58.6445632,"total":58.953284599999996,"children":{"AgentInfo.ToProto":{"count":2204,"self":0.0029898999999999998,"total":0.308722,"children":{"GenerateSensorData":{"count":2204,"self":0.2987572,"total":0.3057321,"children":{"RayPerceptionSensor.Perceive":{"count":2204,"self":0.0069749,"total":0.0069749,"children":null}}}}}}}},"gauges":{"CarAI.CumulativeReward":{"count":2204,"max":10.8069935,"min":-4.54951763,"runningAverage":4.647485,"value":3.36167479,"weightedAverage":5.02983665}},"metadata":{"timer_format_version":"0.1.0","start_time_seconds":"1740741887","unity_version":"2022.3.46f1","command_line_arguments":"C:\\Program Files\\Unity\\Hub\\Editor\\2022.3.46f1\\Editor\\Unity.exe -projectpath C:\\Users\\OwenWork\\Documents\\GitHub\\Crimbo\\CarAI -useHub -hubIPC -cloudEnvironment production -licensingIpc LicenseClient-OwenWork -hubSessionId bb4aab06-cdd8-45e9-bff7-7244fd2fc68f -accessToken dRJ0_zFGA4ctwU2HZAIHyD21R4tMo6M6E-9YRN1Xma8005f","communication_protocol_version":"1.5.0","com.unity.ml-agents_version":"2.0.1","scene_name":"Complete Road Scene","end_time_seconds":"1740749164"}}