{"count":1,"self":6992.683008,"total":18597.143010199998,"children":{"InitializeActuators":{"count":1,"self":0.0009973,"total":0.0009973,"children":null},"InitializeSensors":{"count":1,"self":0.0025467,"total":0.0025467,"children":null},"AgentSendState":{"count":11563477,"self":223.8720256,"total":997.3299062,"children":{"CollectObservations":{"count":3662823,"self":668.8730624,"total":668.8730409,"children":null},"WriteActionMask":{"count":3662823,"self":2.7651117999999997,"total":2.7651117999999997,"children":null},"RequestDecision":{"count":3662823,"self":14.737164799999999,"total":101.8197229,"children":{"AgentInfo.ToProto":{"count":3662823,"self":12.801648799999999,"total":87.082557999999992,"children":{"GenerateSensorData":{"count":3662823,"self":62.0608576,"total":74.2809094,"children":{"RayPerceptionSensor.Perceive":{"count":7325646,"self":12.2200536,"total":12.2200533,"children":null}}}}}}}}},"DecideAction":{"count":11563477,"self":10518.8605952,"total":10518.860798599999,"children":null},"AgentAct":{"count":11563477,"self":88.02672,"total":88.265205,"children":{"AgentInfo.ToProto":{"count":11922,"self":0.0279039,"total":0.2384864,"children":{"GenerateSensorData":{"count":11922,"self":0.1666954,"total":0.21058249999999998,"children":{"RayPerceptionSensor.Perceive":{"count":23844,"self":0.0438871,"total":0.0438871,"children":null}}}}}}}},"gauges":{"CarAI.CumulativeReward":{"count":11922,"max":46.2914467,"min":-90,"runningAverage":-25.0253468,"value":-14.516489,"weightedAverage":-9.671846}},"metadata":{"timer_format_version":"0.1.0","start_time_seconds":"1736107057","unity_version":"2022.3.46f1","command_line_arguments":"C:\\Program Files\\Unity\\Hub\\Editor\\2022.3.46f1\\Editor\\Unity.exe -projectpath C:\\Users\\OwenWork\\Documents\\GitHub\\Crimbo\\CarAI -useHub -hubIPC -cloudEnvironment production -licensingIpc LicenseClient-OwenWork -hubSessionId b36c5c08-bd11-4411-8461-ba18d66d5422 -accessToken fpOMDPoxtPjVyjv7Wc-E87Oi8vpBmOem8RDTx6ylZlU005f","communication_protocol_version":"1.5.0","com.unity.ml-agents_version":"2.0.1","scene_name":"Complete Road Scene","end_time_seconds":"1736125654"}}