{
    "name": "root",
    "metadata": {
        "timer_format_version": "0.1.0",
        "start_time_seconds": "1735916218",
        "python_version": "3.10.11 (tags/v3.10.11:7d4cc5a, Apr  5 2023, 00:38:17) [MSC v.1929 64 bit (AMD64)]",
        "command_line_arguments": "C:\\Users\\OwenWork\\.pyenv\\pyenv-win\\versions\\3.10.11\\Scripts\\mlagents-learn config/CarAI.yaml --run-id=CarAITest2",
        "mlagents_version": "1.1.0",
        "mlagents_envs_version": "1.1.0",
        "communication_protocol_version": "1.5.0",
        "pytorch_version": "2.2.2+cu121",
        "numpy_version": "1.23.5",
        "end_time_seconds": "1735916289"
    },
    "total": 70.75921759999983,
    "count": 1,
    "self": 10.00374859999829,
    "children": {
        "run_training.setup": {
            "total": 0.06381260000125621,
            "count": 1,
            "self": 0.06381260000125621
        },
        "TrainerController.start_learning": {
            "total": 60.691656400000284,
            "count": 1,
            "self": 0.04678359995523351,
            "children": {
                "TrainerController._reset_env": {
                    "total": 7.687555900000007,
                    "count": 1,
                    "self": 7.687555900000007
                },
                "TrainerController.advance": {
                    "total": 52.88867270004448,
                    "count": 3433,
                    "self": 0.03550919996632729,
                    "children": {
                        "env_step": {
                            "total": 49.9274216000249,
                            "count": 3433,
                            "self": 49.02628080000977,
                            "children": {
                                "SubprocessEnvManager._take_step": {
                                    "total": 0.8742495999576931,
                                    "count": 3434,
                                    "self": 0.06990859995494247,
                                    "children": {
                                        "TorchPolicy.evaluate": {
                                            "total": 0.8043410000027507,
                                            "count": 1721,
                                            "self": 0.8043410000027507
                                        }
                                    }
                                },
                                "workers": {
                                    "total": 0.026891200057434617,
                                    "count": 3432,
                                    "self": 0.0,
                                    "children": {
                                        "worker_root": {
                                            "total": 18.40985699999146,
                                            "count": 3432,
                                            "is_parallel": true,
                                            "self": 6.077940600041984,
                                            "children": {
                                                "steps_from_proto": {
                                                    "total": 0.0005849999997735722,
                                                    "count": 2,
                                                    "is_parallel": true,
                                                    "self": 0.00015890000395302195,
                                                    "children": {
                                                        "_process_rank_one_or_two_observation": {
                                                            "total": 0.00042609999582055025,
                                                            "count": 12,
                                                            "is_parallel": true,
                                                            "self": 0.00042609999582055025
                                                        }
                                                    }
                                                },
                                                "UnityEnvironment.step": {
                                                    "total": 12.331331399949704,
                                                    "count": 3432,
                                                    "is_parallel": true,
                                                    "self": 0.17700139999033127,
                                                    "children": {
                                                        "UnityEnvironment._generate_step_input": {
                                                            "total": 0.0935685999920679,
                                                            "count": 3432,
                                                            "is_parallel": true,
                                                            "self": 0.0935685999920679
                                                        },
                                                        "communicator.exchange": {
                                                            "total": 11.598547499990673,
                                                            "count": 3432,
                                                            "is_parallel": true,
                                                            "self": 11.598547499990673
                                                        },
                                                        "steps_from_proto": {
                                                            "total": 0.4622138999766321,
                                                            "count": 3432,
                                                            "is_parallel": true,
                                                            "self": 0.15492080003241426,
                                                            "children": {
                                                                "_process_rank_one_or_two_observation": {
                                                                    "total": 0.30729309994421783,
                                                                    "count": 20592,
                                                                    "is_parallel": true,
                                                                    "self": 0.30729309994421783
                                                                }
                                                            }
                                                        }
                                                    }
                                                }
                                            }
                                        }
                                    }
                                }
                            }
                        },
                        "trainer_advance": {
                            "total": 2.9257419000532536,
                            "count": 3432,
                            "self": 0.039681099993686075,
                            "children": {
                                "process_trajectory": {
                                    "total": 1.4339076000578643,
                                    "count": 3432,
                                    "self": 1.4339076000578643
                                },
                                "_update_policy": {
                                    "total": 1.4521532000017032,
                                    "count": 17,
                                    "self": 0.15813890002937114,
                                    "children": {
                                        "TorchPPOOptimizer.update": {
                                            "total": 1.294014299972332,
                                            "count": 510,