{
    "name": "root",
    "metadata": {
        "timer_format_version": "0.1.0",
        "start_time_seconds": "1740050688",
        "python_version": "3.10.11 (tags/v3.10.11:7d4cc5a, Apr  5 2023, 00:38:17) [MSC v.1929 64 bit (AMD64)]",
        "command_line_arguments": "C:\\Users\\OwenWork\\.pyenv\\pyenv-win\\versions\\3.10.11\\Scripts\\mlagents-learn config/CarAI.yaml --run-id=CarAITest56A --resume",
        "mlagents_version": "1.1.0",
        "mlagents_envs_version": "1.1.0",
        "communication_protocol_version": "1.5.0",
        "pytorch_version": "2.2.2+cu121",
        "numpy_version": "1.23.5",
        "end_time_seconds": "1740050709"
    },
    "total": 21.015801699999884,
    "count": 1,
    "self": 0.004474900000104753,
    "children": {
        "run_training.setup": {
            "total": 0.05985519999990174,
            "count": 1,
            "self": 0.05985519999990174
        },
        "TrainerController.start_learning": {
            "total": 20.951471599999877,
            "count": 1,
            "self": 0.03417699999818069,
            "children": {
                "TrainerController._reset_env": {
                    "total": 4.258280600000035,
                    "count": 1,
                    "self": 4.258280600000035
                },
                "TrainerController.advance": {
                    "total": 16.60132070000168,
                    "count": 3701,
                    "self": 0.0322288000095341,
                    "children": {
                        "env_step": {
                            "total": 16.430518099993606,
                            "count": 3701,
                            "self": 14.658427099982191,
                            "children": {
                                "SubprocessEnvManager._take_step": {
                                    "total": 1.748575500005245,
                                    "count": 3702,
                                    "self": 0.11122679999402862,
                                    "children": {
                                        "TorchPolicy.evaluate": {
                                            "total": 1.6373487000112164,
                                            "count": 3702,
                                            "self": 1.6373487000112164
                                        }
                                    }
                                },
                                "workers": {
                                    "total": 0.023515500006169532,
                                    "count": 3700,
                                    "self": 0.0,
                                    "children": {
                                        "worker_root": {
                                            "total": 10.782877399994504,
                                            "count": 3700,
                                            "is_parallel": true,
                                            "self": 3.9106984999909855,
                                            "children": {
                                                "steps_from_proto": {
                                                    "total": 0.0002395999999862397,
                                                    "count": 1,
                                                    "is_parallel": true,
                                                    "self": 6.429999984902679e-05,
                                                    "children": {
                                                        "_process_rank_one_or_two_observation": {
                                                            "total": 0.00017530000013721292,
                                                            "count": 4,
                                                            "is_parallel": true,
                                                            "self": 0.00017530000013721292
                                                        }
                                                    }
                                                },
                                                "UnityEnvironment.step": {
                                                    "total": 6.8719393000035325,
                                                    "count": 3700,
                                                    "is_parallel": true,
                                                    "self": 0.13970080000854068,
                                                    "children": {
                                                        "UnityEnvironment._generate_step_input": {
                                                            "total": 0.11603769999669566,
                                                            "count": 3700,
                                                            "is_parallel": true,
                                                            "self": 0.11603769999669566
                                                        },
                                                        "communicator.exchange": {
                                                            "total": 6.239979799998082,
                                                            "count": 3700,
                                                            "is_parallel": true,
                                                            "self": 6.239979799998082
                                                        },
                                                        "steps_from_proto": {
                                                            "total": 0.3762210000002142,
                                                            "count": 3700,
                                                            "is_parallel": true,
                                                            "self": 0.13930299999628915,
                                                            "children": {
                                                                "_process_rank_one_or_two_observation": {
                                                                    "total": 0.23691800000392504,
                                                                    "count": 14800,
                                                                    "is_parallel": true,
                                                                    "self": 0.23691800000392504
                                                                }
                                                            }
                                                        }
                                                    }
                                                }
                                            }
                                        }
                                    }
                                }
                            }
                        },
                        "trainer_advance": {
                            "total": 0.13857379999853947,
                            "count": 3700,
                            "self": 0.038376399998014676,
                            "children": {
                                "process_trajectory": {
                                    "total": 0.1001974000005248,
                                    "count": 3700,
                                    "self": 0.1001974000005248
                                }
                            }
                        }
                    }
                },
                "TrainerController._save_models": {
                    "total": 0.05769329999998263,
                    "count": 1,
                    "self": 0.00784709999993538,
                    "children": {
                        "RLTrainer._checkpoint": {
                            "total": 0.04984620000004725,
                            "count": 1,