{
    "name": "root",
    "metadata": {
        "timer_format_version": "0.1.0",
        "start_time_seconds": "1735911390",
        "python_version": "3.10.11 (tags/v3.10.11:7d4cc5a, Apr  5 2023, 00:38:17) [MSC v.1929 64 bit (AMD64)]",
        "command_line_arguments": "C:\\Users\\OwenWork\\.pyenv\\pyenv-win\\versions\\3.10.11\\Scripts\\mlagents-learn config/CarAI.yaml --run-id=CarAI5",
        "mlagents_version": "1.1.0",
        "mlagents_envs_version": "1.1.0",
        "communication_protocol_version": "1.5.0",
        "pytorch_version": "2.2.2+cu121",
        "numpy_version": "1.23.5",
        "end_time_seconds": "1735911469"
    },
    "total": 78.3802098999995,
    "count": 1,
    "self": 0.0038560000002689776,
    "children": {
        "run_training.setup": {
            "total": 0.06374789999972563,
            "count": 1,
            "self": 0.06374789999972563
        },
        "TrainerController.start_learning": {
            "total": 78.3126059999995,
            "count": 1,
            "self": 0.021626200009450258,
            "children": {
                "TrainerController._reset_env": {
                    "total": 6.760598399999253,
                    "count": 1,
                    "self": 6.760598399999253
                },
                "TrainerController.advance": {
                    "total": 71.46577079999042,
                    "count": 1606,
                    "self": 0.018477999970855308,
                    "children": {
                        "env_step": {
                            "total": 70.15133600000809,
                            "count": 1606,
                            "self": 69.57483609997325,
                            "children": {
                                "SubprocessEnvManager._take_step": {
                                    "total": 0.5624503000208279,
                                    "count": 1606,
                                    "self": 0.04364640002131637,
                                    "children": {
                                        "TorchPolicy.evaluate": {
                                            "total": 0.5188038999995115,
                                            "count": 1017,
                                            "self": 0.5188038999995115
                                        }
                                    }
                                },
                                "workers": {
                                    "total": 0.014049600014004682,
                                    "count": 1605,
                                    "self": 0.0,
                                    "children": {
                                        "worker_root": {
                                            "total": 9.35027089999312,
                                            "count": 1605,
                                            "is_parallel": true,
                                            "self": 3.4093368000003466,
                                            "children": {
                                                "steps_from_proto": {
                                                    "total": 0.00019100000008620555,
                                                    "count": 1,
                                                    "is_parallel": true,
                                                    "self": 6.380000013450626e-05,
                                                    "children": {
                                                        "_process_rank_one_or_two_observation": {
                                                            "total": 0.00012719999995169928,
                                                            "count": 2,
                                                            "is_parallel": true,
                                                            "self": 0.00012719999995169928
                                                        }
                                                    }
                                                },
                                                "UnityEnvironment.step": {
                                                    "total": 5.940743099992687,
                                                    "count": 1605,
                                                    "is_parallel": true,
                                                    "self": 0.07916819998627034,
                                                    "children": {
                                                        "UnityEnvironment._generate_step_input": {
                                                            "total": 0.05193250001138949,
                                                            "count": 1605,
                                                            "is_parallel": true,
                                                            "self": 0.05193250001138949
                                                        },
                                                        "communicator.exchange": {
                                                            "total": 5.639555200009454,
                                                            "count": 1605,
                                                            "is_parallel": true,
                                                            "self": 5.639555200009454
                                                        },
                                                        "steps_from_proto": {
                                                            "total": 0.17008719998557353,
                                                            "count": 1605,
                                                            "is_parallel": true,
                                                            "self": 0.06812559998797951,
                                                            "children": {
                                                                "_process_rank_one_or_two_observation": {
                                                                    "total": 0.10196159999759402,
                                                                    "count": 3210,
                                                                    "is_parallel": true,
                                                                    "self": 0.10196159999759402
                                                                }
                                                            }
                                                        }
                                                    }
                                                }
                                            }
                                        }
                                    }
                                }
                            }
                        },
                        "trainer_advance": {
                            "total": 1.2959568000114814,
                            "count": 1605,
                            "self": 0.022368500000993663,
                            "children": {
                                "process_trajectory": {
                                    "total": 0.505363700009184,
                                    "count": 1605,
                                    "self": 0.505363700009184
                                },
                                "_update_policy": {
                                    "total": 0.7682246000013038,
                                    "count": 9,
                                    "self": 0.07508089999737422,
                                    "children": {
                                        "TorchPPOOptimizer.update": {
                                            "total": 0.6931437000039296,
                                            "count": 291,