{
    "name": "root",
    "gauges": {
        "CarAI.Policy.Entropy.mean": {
            "value": -1.0837571620941162,
            "min": -1.0837571620941162,
            "max": -1.0837571620941162,
            "count": 1
        },
        "CarAI.Policy.Entropy.sum": {
            "value": -6423.4287109375,
            "min": -6423.4287109375,
            "max": -6423.4287109375,
            "count": 1
        },
        "CarAI.Step.mean": {
            "value": 16879979.0,
            "min": 16879979.0,
            "max": 16879979.0,
            "count": 1
        },
        "CarAI.Step.sum": {
            "value": 16879979.0,
            "min": 16879979.0,
            "max": 16879979.0,
            "count": 1
        },
        "CarAI.Policy.ExtrinsicValueEstimate.mean": {
            "value": 0.3814050257205963,
            "min": 0.3814050257205963,
            "max": 0.3814050257205963,
            "count": 1
        },
        "CarAI.Policy.ExtrinsicValueEstimate.sum": {
            "value": 10.679340362548828,
            "min": 10.679340362548828,
            "max": 10.679340362548828,
            "count": 1
        },
        "CarAI.Environment.EpisodeLength.mean": {
            "value": 398.1818181818182,
            "min": 398.1818181818182,
            "max": 398.1818181818182,
            "count": 1
        },
        "CarAI.Environment.EpisodeLength.sum": {
            "value": 4380.0,
            "min": 4380.0,
            "max": 4380.0,
            "count": 1
        },
        "CarAI.Environment.CumulativeReward.mean": {
            "value": 1.550376060334119,
            "min": 1.550376060334119,
            "max": 1.550376060334119,
            "count": 1
        },
        "CarAI.Environment.CumulativeReward.sum": {
            "value": 17.05413666367531,
            "min": 17.05413666367531,
            "max": 17.05413666367531,
            "count": 1
        },
        "CarAI.Policy.ExtrinsicReward.mean": {
            "value": 1.550376060334119,
            "min": 1.550376060334119,
            "max": 1.550376060334119,
            "count": 1
        },
        "CarAI.Policy.ExtrinsicReward.sum": {
            "value": 17.05413666367531,
            "min": 17.05413666367531,
            "max": 17.05413666367531,
            "count": 1
        },
        "CarAI.IsTraining.mean": {
            "value": 1.0,
            "min": 1.0,
            "max": 1.0,
            "count": 1
        },
        "CarAI.IsTraining.sum": {
            "value": 1.0,
            "min": 1.0,
            "max": 1.0,
            "count": 1
        }
    },
    "metadata": {
        "timer_format_version": "0.1.0",
        "start_time_seconds": "1738840632",
        "python_version": "3.10.11 (tags/v3.10.11:7d4cc5a, Apr  5 2023, 00:38:17) [MSC v.1929 64 bit (AMD64)]",
        "command_line_arguments": "C:\\Users\\OwenWork\\.pyenv\\pyenv-win\\versions\\3.10.11\\Scripts\\mlagents-learn config/CarAI.yaml --run-id=CarAITest52 --resume",
        "mlagents_version": "1.1.0",
        "mlagents_envs_version": "1.1.0",
        "communication_protocol_version": "1.5.0",
        "pytorch_version": "2.2.2+cu121",
        "numpy_version": "1.23.5",
        "end_time_seconds": "1738840740"
    },
    "total": 107.32813859999987,
    "count": 1,
    "self": 0.004076199999644814,
    "children": {
        "run_training.setup": {
            "total": 0.05899790000012217,
            "count": 1,
            "self": 0.05899790000012217
        },
        "TrainerController.start_learning": {
            "total": 107.26506450000011,
            "count": 1,
            "self": 0.14524510000228474,
            "children": {
                "TrainerController._reset_env": {
                    "total": 5.015104199999996,
                    "count": 1,
                    "self": 5.015104199999996
                },
                "TrainerController.advance": {
                    "total": 102.00925489999781,
                    "count": 14734,
                    "self": 0.12946230002648917,
                    "children": {
                        "env_step": {
                            "total": 101.22895199999039,
                            "count": 14734,
                            "self": 95.17810410001857,
                            "children": {
                                "SubprocessEnvManager._take_step": {
                                    "total": 5.95354559998168,
                                    "count": 14734,
                                    "self": 0.4375690999863764,
                                    "children": {
                                        "TorchPolicy.evaluate": {
                                            "total": 5.515976499995304,
                                            "count": 14734,
                                            "self": 5.515976499995304
                                        }
                                    }
                                },
                                "workers": {
                                    "total": 0.09730229999013318,
                                    "count": 14733,
                                    "self": 0.0,
                                    "children": {
                                        "worker_root": {
                                            "total": 40.055716099978326,
                                            "count": 14733,
                                            "is_parallel": true,
                                            "self": 14.268937299985737,
                                            "children": {
                                                "steps_from_proto": {
                                                    "total": 0.0002692000000479311,
                                                    "count": 1,
                                                    "is_parallel": true,
                                                    "self": 6.280000002334418e-05,
                                                    "children": {
                                                        "_process_rank_one_or_two_observation": {
                                                            "total": 0.00020640000002458692,
                                                            "count": 4,
                                                            "is_parallel": true,
                                                            "self": 0.00020640000002458692
                                                        }
                                                    }
                                                },
                                                "UnityEnvironment.step": {
                                                    "total": 25.78650959999254,
                                                    "count": 14733,
                                                    "is_parallel": true,
                                                    "self": 0.5671711999739273,
                                                    "children": {
                                                        "UnityEnvironment._generate_step_input": {
                                                            "total": 0.4467542000143112,
                                                            "count": 14733,
                                                            "is_parallel": true,
                                                            "self": 0.4467542000143112
                                                        },
                                                        "communicator.exchange": {
                                                            "total": 23.252796700001,
                                                            "count": 14733,
                                                            "is_parallel": true,