{
    "name": "root",
    "metadata": {
        "timer_format_version": "0.1.0",
        "start_time_seconds": "1737545060",
        "python_version": "3.10.11 (tags/v3.10.11:7d4cc5a, Apr  5 2023, 00:38:17) [MSC v.1929 64 bit (AMD64)]",
        "command_line_arguments": "C:\\Users\\OwenWork\\.pyenv\\pyenv-win\\versions\\3.10.11\\Scripts\\mlagents-learn config/CarAI.yaml --run-id=CarAITest39",
        "mlagents_version": "1.1.0",
        "mlagents_envs_version": "1.1.0",
        "communication_protocol_version": "1.5.0",
        "pytorch_version": "2.2.2+cu121",
        "numpy_version": "1.23.5",
        "end_time_seconds": "1737545106"
    },
    "total": 45.82664460000001,
    "count": 1,
    "self": 0.00503789999993387,
    "children": {
        "run_training.setup": {
            "total": 0.08028970000009394,
            "count": 1,
            "self": 0.08028970000009394
        },
        "TrainerController.start_learning": {
            "total": 45.74131699999998,
            "count": 1,
            "self": 0.04256480000367446,
            "children": {
                "TrainerController._reset_env": {
                    "total": 5.243122200000016,
                    "count": 1,
                    "self": 5.243122200000016
                },
                "TrainerController.advance": {
                    "total": 40.3717547999961,
                    "count": 3586,
                    "self": 0.04248799999209041,
                    "children": {
                        "env_step": {
                            "total": 40.130320399998936,
                            "count": 3586,
                            "self": 38.06601169999976,
                            "children": {
                                "SubprocessEnvManager._take_step": {
                                    "total": 2.036118200003102,
                                    "count": 3587,
                                    "self": 0.1324116000084814,
                                    "children": {
                                        "TorchPolicy.evaluate": {
                                            "total": 1.9037065999946208,
                                            "count": 3585,
                                            "self": 1.9037065999946208
                                        }
                                    }
                                },
                                "workers": {
                                    "total": 0.028190499996071594,
                                    "count": 3585,
                                    "self": 0.0,
                                    "children": {
                                        "worker_root": {
                                            "total": 13.586868000003278,
                                            "count": 3585,
                                            "is_parallel": true,
                                            "self": 4.886017200012475,
                                            "children": {
                                                "steps_from_proto": {
                                                    "total": 0.0002830999999332562,
                                                    "count": 1,
                                                    "is_parallel": true,
                                                    "self": 6.659999985458853e-05,
                                                    "children": {
                                                        "_process_rank_one_or_two_observation": {
                                                            "total": 0.00021650000007866765,
                                                            "count": 4,
                                                            "is_parallel": true,
                                                            "self": 0.00021650000007866765
                                                        }
                                                    }
                                                },
                                                "UnityEnvironment.step": {
                                                    "total": 8.70056769999087,
                                                    "count": 3585,
                                                    "is_parallel": true,
                                                    "self": 0.1616698999810069,
                                                    "children": {
                                                        "UnityEnvironment._generate_step_input": {
                                                            "total": 0.13408630000321864,
                                                            "count": 3585,
                                                            "is_parallel": true,
                                                            "self": 0.13408630000321864
                                                        },
                                                        "communicator.exchange": {
                                                            "total": 7.967394900013687,
                                                            "count": 3585,
                                                            "is_parallel": true,
                                                            "self": 7.967394900013687
                                                        },
                                                        "steps_from_proto": {
                                                            "total": 0.43741659999295734,
                                                            "count": 3585,
                                                            "is_parallel": true,
                                                            "self": 0.15282330000945876,
                                                            "children": {
                                                                "_process_rank_one_or_two_observation": {
                                                                    "total": 0.2845932999834986,
                                                                    "count": 14340,
                                                                    "is_parallel": true,
                                                                    "self": 0.2845932999834986
                                                                }
                                                            }
                                                        }
                                                    }
                                                }
                                            }
                                        }
                                    }
                                }
                            }
                        },
                        "trainer_advance": {
                            "total": 0.19894640000507025,
                            "count": 3585,
                            "self": 0.04975359999775719,
                            "children": {
                                "process_trajectory": {
                                    "total": 0.14919280000731305,
                                    "count": 3585,
                                    "self": 0.14919280000731305
                                }
                            }
                        }
                    }
                },
                "TrainerController._save_models": {
                    "total": 0.08387520000019322,
                    "count": 1,
                    "self": 0.00890150000009271,
                    "children": {
                        "RLTrainer._checkpoint": {
                            "total": 0.07497370000010051,
                            "count": 1,