{
    "name": "root",
    "gauges": {
        "CarAI.Policy.Entropy.mean": {
            "value": -1.430356502532959,
            "min": -1.4310839176177979,
            "max": 0.303459107875824,
            "count": 696
        },
        "CarAI.Policy.Entropy.sum": {
            "value": -28647.1796875,
            "min": -28799.693359375,
            "max": 5966.1025390625,
            "count": 696
        },
        "CarAI.Step.mean": {
            "value": 25319872.0,
            "min": 11419812.0,
            "max": 25319872.0,
            "count": 696
        },
        "CarAI.Step.sum": {
            "value": 25319872.0,
            "min": 11419812.0,
            "max": 25319872.0,
            "count": 696
        },
        "CarAI.Policy.ExtrinsicValueEstimate.mean": {
            "value": -0.012174383737146854,
            "min": -0.030057847499847412,
            "max": 0.09014289081096649,
            "count": 696
        },
        "CarAI.Policy.ExtrinsicValueEstimate.sum": {
            "value": -1.0348225831985474,
            "min": -2.554917097091675,
            "max": 7.752288341522217,
            "count": 696
        },
        "CarAI.Environment.EpisodeLength.mean": {
            "value": 1480.5384615384614,
            "min": 1050.2631578947369,
            "max": 1665.6666666666667,
            "count": 696
        },
        "CarAI.Environment.EpisodeLength.sum": {
            "value": 19247.0,
            "min": 1155.0,
            "max": 21569.0,
            "count": 696
        },
        "CarAI.Environment.CumulativeReward.mean": {
            "value": 0.06556106051095976,
            "min": -0.5081965638091788,
            "max": 1.416406715752976,
            "count": 696
        },
        "CarAI.Environment.CumulativeReward.sum": {
            "value": 0.8522937866424769,
            "min": -1.383160946238064,
            "max": 22.662507452047617,
            "count": 696
        },
        "CarAI.Policy.ExtrinsicReward.mean": {
            "value": 0.06556106051095976,
            "min": -0.5081965638091788,
            "max": 1.416406715752976,
            "count": 696
        },
        "CarAI.Policy.ExtrinsicReward.sum": {
            "value": 0.8522937866424769,
            "min": -1.383160946238064,
            "max": 22.662507452047617,
            "count": 696
        },
        "CarAI.IsTraining.mean": {
            "value": 1.0,
            "min": 1.0,
            "max": 1.0,
            "count": 696
        },
        "CarAI.IsTraining.sum": {
            "value": 1.0,
            "min": 1.0,
            "max": 1.0,
            "count": 696
        },
        "CarAI.Losses.PolicyLoss.mean": {
            "value": 0.03301054462402438,
            "min": 0.026306937673750024,
            "max": 0.0446898684555587,
            "count": 695
        },
        "CarAI.Losses.PolicyLoss.sum": {
            "value": 0.1650527231201219,
            "min": 0.1079980061428311,
            "max": 0.2080624084919691,
            "count": 695
        },
        "CarAI.Losses.ValueLoss.mean": {
            "value": 0.0009976441947704491,
            "min": 0.00019619304437886362,
            "max": 0.005768315849127248,
            "count": 695
        },
        "CarAI.Losses.ValueLoss.sum": {
            "value": 0.004988220973852246,
            "min": 0.0009809652218943181,
            "max": 0.02884157924563624,
            "count": 695
        },
        "CarAI.Policy.LearningRate.mean": {
            "value": 0.0002848139106220315,
            "min": 0.0002848139106220315,
            "max": 0.0002931415947661358,
            "count": 695
        },
        "CarAI.Policy.LearningRate.sum": {
            "value": 0.0014240695531101573,
            "min": 0.0011393514514161894,
            "max": 0.001465707973830679,
            "count": 695
        },
        "CarAI.Policy.Epsilon.mean": {
            "value": 0.19493796852,
            "min": 0.19493796852,
            "max": 0.19771386416000003,
            "count": 695
        },
        "CarAI.Policy.Epsilon.sum": {
            "value": 0.9746898426,
            "min": 0.7797838104000001,
            "max": 0.9885693208000002,
            "count": 695
        },
        "CarAI.Policy.Beta.mean": {
            "value": 0.001,
            "min": 0.001,
            "max": 0.001,
            "count": 695
        },
        "CarAI.Policy.Beta.sum": {
            "value": 0.005,
            "min": 0.004,
            "max": 0.005,
            "count": 695
        }
    },
    "metadata": {
        "timer_format_version": "0.1.0",
        "start_time_seconds": "1737631037",
        "python_version": "3.10.11 (tags/v3.10.11:7d4cc5a, Apr  5 2023, 00:38:17) [MSC v.1929 64 bit (AMD64)]",
        "command_line_arguments": "C:\\Users\\OwenWork\\.pyenv\\pyenv-win\\versions\\3.10.11\\Scripts\\mlagents-learn config/CarAI.yaml --run-id=CarAITest40 --resume",
        "mlagents_version": "1.1.0",
        "mlagents_envs_version": "1.1.0",
        "communication_protocol_version": "1.5.0",
        "pytorch_version": "2.2.2+cu121",
        "numpy_version": "1.23.5",
        "end_time_seconds": "1737677468"
    },
    "total": 46430.0692069,
    "count": 1,
    "self": 0.006139500001154374,
    "children": {
        "run_training.setup": {
            "total": 0.0822997000000214,
            "count": 1,
            "self": 0.0822997000000214
        },
        "TrainerController.start_learning": {
            "total": 46429.9807677,
            "count": 1,
            "self": 147.05299899726378,
            "children": {
                "TrainerController._reset_env": {
                    "total": 4.396506799999997,
                    "count": 1,
                    "self": 4.396506799999997
                },
                "TrainerController.advance": {
                    "total": 46278.49798660273,
                    "count": 13913477,
                    "self": 138.1788688913657,
                    "children": {
                        "env_step": {
                            "total": 44081.067227309744,
                            "count": 13913477,
                            "self": 37820.72673721301,
                            "children": {
                                "SubprocessEnvManager._take_step": {
                                    "total": 6148.469128293949,
                                    "count": 13913477,
                                    "self": 521.9267958986775,
                                    "children": {
                                        "TorchPolicy.evaluate": {
                                            "total": 5626.542332395272,
                                            "count": 13907351,
                                            "self": 5626.542332395272
                                        }
                                    }
                                },
                                "workers": {
                                    "total": 111.87136180278935,
                                    "count": 13913476,
                                    "self": 0.0,
                                    "children": {
                                        "worker_root": {
                                            "total": 46181.704994294865,
                                            "count": 13913476,
                                            "is_parallel": true,
                                            "self": 15349.019414593517,
                                            "children": {
                                                "steps_from_proto": {
                                                    "total": 0.00021530000003622263,
                                                    "count": 1,
                                                    "is_parallel": true,
                                                    "self": 5.42000002496934e-05,