{
    "name": "root",
    "gauges": {
        "CarAI.Policy.Entropy.mean": {
            "value": 1.4189382791519165,
            "min": 1.4189382791519165,
            "max": 1.4189382791519165,
            "count": 1
        },
        "CarAI.Policy.Entropy.sum": {
            "value": 363.2481994628906,
            "min": 363.2481994628906,
            "max": 363.2481994628906,
            "count": 1
        },
        "CarAI.IsTraining.mean": {
            "value": 1.0,
            "min": 1.0,
            "max": 1.0,
            "count": 1
        },
        "CarAI.IsTraining.sum": {
            "value": 1.0,
            "min": 1.0,
            "max": 1.0,
            "count": 1
        }
    },
    "metadata": {
        "timer_format_version": "0.1.0",
        "start_time_seconds": "1740999250",
        "python_version": "3.10.11 (tags/v3.10.11:7d4cc5a, Apr  5 2023, 00:38:17) [MSC v.1929 64 bit (AMD64)]",
        "command_line_arguments": "C:\\Users\\OwenWork\\.pyenv\\pyenv-win\\versions\\3.10.11\\Scripts\\mlagents-learn config/CarAI.yaml --run-id=CarAITest58 --resume",
        "mlagents_version": "1.1.0",
        "mlagents_envs_version": "1.1.0",
        "communication_protocol_version": "1.5.0",
        "pytorch_version": "2.2.2+cu121",
        "numpy_version": "1.23.5",
        "end_time_seconds": "1740999333"
    },
    "total": 82.73423080000003,
    "count": 1,
    "self": 0.0033440999999925225,
    "children": {
        "run_training.setup": {
            "total": 0.0848391000000106,
            "count": 1,
            "self": 0.0848391000000106
        },
        "TrainerController.start_learning": {
            "total": 82.64604760000003,
            "count": 1,
            "self": 0.06201110000171184,
            "children": {
                "TrainerController._reset_env": {
                    "total": 4.703298299999972,
                    "count": 1,
                    "self": 4.703298299999972
                },
                "TrainerController.advance": {
                    "total": 77.78778729999834,
                    "count": 6367,
                    "self": 0.058994400001552094,
                    "children": {
                        "env_step": {
                            "total": 77.41244839999848,
                            "count": 6367,
                            "self": 74.60568469999873,
                            "children": {
                                "SubprocessEnvManager._take_step": {
                                    "total": 2.7644252999985497,
                                    "count": 6367,
                                    "self": 0.19999889999991183,
                                    "children": {
                                        "TorchPolicy.evaluate": {
                                            "total": 2.564426399998638,
                                            "count": 6367,
                                            "self": 2.564426399998638
                                        }
                                    }
                                },
                                "workers": {
                                    "total": 0.04233840000119926,
                                    "count": 6366,
                                    "self": 0.0,
                                    "children": {
                                        "worker_root": {
                                            "total": 15.868008200002464,
                                            "count": 6366,
                                            "is_parallel": true,
                                            "self": 7.034366600001704,
                                            "children": {
                                                "steps_from_proto": {
                                                    "total": 0.000227399999971567,
                                                    "count": 1,
                                                    "is_parallel": true,
                                                    "self": 5.6199999960426794e-05,
                                                    "children": {
                                                        "_process_rank_one_or_two_observation": {
                                                            "total": 0.00017120000001114022,
                                                            "count": 4,
                                                            "is_parallel": true,
                                                            "self": 0.00017120000001114022
                                                        }
                                                    }
                                                },
                                                "UnityEnvironment.step": {
                                                    "total": 8.833414200000789,
                                                    "count": 6366,
                                                    "is_parallel": true,
                                                    "self": 0.23325790000234292,
                                                    "children": {
                                                        "UnityEnvironment._generate_step_input": {
                                                            "total": 0.19194589999710843,
                                                            "count": 6366,
                                                            "is_parallel": true,
                                                            "self": 0.19194589999710843
                                                        },
                                                        "communicator.exchange": {
                                                            "total": 7.763106300000288,
                                                            "count": 6366,
                                                            "is_parallel": true,
                                                            "self": 7.763106300000288
                                                        },
                                                        "steps_from_proto": {
                                                            "total": 0.6451041000010491,
                                                            "count": 6366,
                                                            "is_parallel": true,
                                                            "self": 0.24040910000184113,
                                                            "children": {
                                                                "_process_rank_one_or_two_observation": {
                                                                    "total": 0.404694999999208,
                                                                    "count": 25464,
                                                                    "is_parallel": true,
                                                                    "self": 0.404694999999208
                                                                }
                                                            }
                                                        }
                                                    }
                                                }
                                            }
                                        }
                                    }
                                }
                            }
                        },
                        "trainer_advance": {
                            "total": 0.3163444999983085,
                            "count": 6366,
                            "self": 0.07209099999812452,