{
    "name": "root",
    "gauges": {
        "CarAI.Policy.Entropy.mean": {
            "value": 2.7212374210357666,
            "min": 1.4980785846710205,
            "max": 2.728175401687622,
            "count": 505
        },
        "CarAI.Policy.Entropy.sum": {
            "value": 54432.9140625,
            "min": 9407.93359375,
            "max": 54687.1015625,
            "count": 505
        },
        "CarAI.Step.mean": {
            "value": 10599882.0,
            "min": 519887.0,
            "max": 10599882.0,
            "count": 505
        },
        "CarAI.Step.sum": {
            "value": 10599882.0,
            "min": 519887.0,
            "max": 10599882.0,
            "count": 505
        },
        "CarAI.Policy.ExtrinsicValueEstimate.mean": {
            "value": 0.38911357522010803,
            "min": -0.04692390188574791,
            "max": 0.4301295578479767,
            "count": 505
        },
        "CarAI.Policy.ExtrinsicValueEstimate.sum": {
            "value": 33.07465362548828,
            "min": -3.7539122104644775,
            "max": 38.274810791015625,
            "count": 505
        },
        "CarAI.Environment.EpisodeLength.mean": {
            "value": 1577.076923076923,
            "min": 1069.8947368421052,
            "max": 4999.0,
            "count": 505
        },
        "CarAI.Environment.EpisodeLength.sum": {
            "value": 20502.0,
            "min": 4999.0,
            "max": 24555.0,
            "count": 505
        },
        "CarAI.Environment.CumulativeReward.mean": {
            "value": 5.521295776733985,
            "min": -5.797814312507398,
            "max": 10.047929476946592,
            "count": 505
        },
        "CarAI.Environment.CumulativeReward.sum": {
            "value": 71.77684509754181,
            "min": -23.191257250029594,
            "max": 84.839928150177,
            "count": 505
        },
        "CarAI.Policy.ExtrinsicReward.mean": {
            "value": 5.521295776733985,
            "min": -5.797814312507398,
            "max": 10.047929476946592,
            "count": 505
        },
        "CarAI.Policy.ExtrinsicReward.sum": {
            "value": 71.77684509754181,
            "min": -23.191257250029594,
            "max": 84.839928150177,
            "count": 505
        },
        "CarAI.IsTraining.mean": {
            "value": 1.0,
            "min": 1.0,
            "max": 1.0,
            "count": 505
        },
        "CarAI.IsTraining.sum": {
            "value": 1.0,
            "min": 1.0,
            "max": 1.0,
            "count": 505
        },
        "CarAI.Losses.PolicyLoss.mean": {
            "value": 0.0257454207749106,
            "min": 0.018279002752387898,
            "max": 0.03120816934776182,
            "count": 489
        },
        "CarAI.Losses.PolicyLoss.sum": {
            "value": 0.0257454207749106,
            "min": 0.018279002752387898,
            "max": 0.03120816934776182,
            "count": 489
        },
        "CarAI.Losses.ValueLoss.mean": {
            "value": 0.0010511432871377717,
            "min": 9.091047922993312e-05,
            "max": 0.0031428426504135133,
            "count": 489
        },
        "CarAI.Losses.ValueLoss.sum": {
            "value": 0.0010511432871377717,
            "min": 9.091047922993312e-05,
            "max": 0.0031428426504135133,
            "count": 489
        },
        "CarAI.Policy.LearningRate.mean": {
            "value": 0.0004894203791159245,
            "min": 0.0004894203791159245,
            "max": 0.000499465625106875,
            "count": 489
        },
        "CarAI.Policy.LearningRate.sum": {
            "value": 0.0004894203791159245,
            "min": 0.0004894203791159245,
            "max": 0.000499465625106875,
            "count": 489
        },
        "CarAI.Policy.Epsilon.mean": {
            "value": 0.19788407539999994,
            "min": 0.19788407539999994,
            "max": 0.19989312499999995,
            "count": 489
        },
        "CarAI.Policy.Epsilon.sum": {
            "value": 0.19788407539999994,
            "min": 0.19788407539999994,
            "max": 0.19989312499999995,
            "count": 489
        },
        "CarAI.Policy.Beta.mean": {
            "value": 0.010000000000000002,
            "min": 0.010000000000000002,
            "max": 0.010000000000000002,
            "count": 489
        },
        "CarAI.Policy.Beta.sum": {
            "value": 0.010000000000000002,
            "min": 0.010000000000000002,
            "max": 0.010000000000000002,
            "count": 489
        }
    },
    "metadata": {
        "timer_format_version": "0.1.0",
        "start_time_seconds": "1741005149",
        "python_version": "3.10.11 (tags/v3.10.11:7d4cc5a, Apr  5 2023, 00:38:17) [MSC v.1929 64 bit (AMD64)]",
        "command_line_arguments": "C:\\Users\\OwenWork\\.pyenv\\pyenv-win\\versions\\3.10.11\\Scripts\\mlagents-learn config/CarAI.yaml --run-id=CarAITest58 --resume",
        "mlagents_version": "1.1.0",
        "mlagents_envs_version": "1.1.0",
        "communication_protocol_version": "1.5.0",
        "pytorch_version": "2.2.2+cu121",
        "numpy_version": "1.23.5",
        "end_time_seconds": "1741028414"
    },
    "total": 23264.8147006,
    "count": 1,
    "self": 0.003901299998688046,
    "children": {
        "run_training.setup": {
            "total": 0.060819899999842164,
            "count": 1,
            "self": 0.060819899999842164
        },
        "TrainerController.start_learning": {
            "total": 23264.7499794,
            "count": 1,
            "self": 94.01532049901652,
            "children": {
                "TrainerController._reset_env": {
                    "total": 3.967940799999269,
                    "count": 1,
                    "self": 3.967940799999269
                },
                "TrainerController.advance": {
                    "total": 23166.71619450098,
                    "count": 10099533,
                    "self": 95.70869169382786,
                    "children": {
                        "env_step": {
                            "total": 21497.808652105432,
                            "count": 10099533,
                            "self": 17388.02891721823,
                            "children": {
                                "SubprocessEnvManager._take_step": {
                                    "total": 4042.0281410951193,
                                    "count": 10099534,
                                    "self": 300.78503709300367,
                                    "children": {
                                        "TorchPolicy.evaluate": {
                                            "total": 3741.2431040021156,
                                            "count": 10099534,
                                            "self": 3741.2431040021156
                                        }
                                    }
                                },
                                "workers": {
                                    "total": 67.75159379208253,
                                    "count": 10099532,
                                    "self": 0.0,
                                    "children": {
                                        "worker_root": {
                                            "total": 23022.964662693255,
                                            "count": 10099532,
                                            "is_parallel": true,
                                            "self": 10255.261679699943,
                                            "children": {
                                                "steps_from_proto": {
                                                    "total": 0.0005380000002332963,
                                                    "count": 2,
                                                    "is_parallel": true,