{
    "name": "root",
    "gauges": {
        "CarAI.Policy.Entropy.mean": {
            "value": -0.5693618059158325,
            "min": -0.5693618059158325,
            "max": 0.243129700422287,
            "count": 719
        },
        "CarAI.Policy.Entropy.sum": {
            "value": -11387.236328125,
            "min": -11387.236328125,
            "max": 4898.8203125,
            "count": 719
        },
        "CarAI.Step.mean": {
            "value": 29399871.0,
            "min": 15039766.0,
            "max": 29399871.0,
            "count": 719
        },
        "CarAI.Step.sum": {
            "value": 29399871.0,
            "min": 15039766.0,
            "max": 29399871.0,
            "count": 719
        },
        "CarAI.Policy.ExtrinsicValueEstimate.mean": {
            "value": 0.012124568223953247,
            "min": -0.040428824722766876,
            "max": 0.10092585533857346,
            "count": 719
        },
        "CarAI.Policy.ExtrinsicValueEstimate.sum": {
            "value": 0.9699654579162598,
            "min": -3.2343058586120605,
            "max": 4.440737724304199,
            "count": 719
        },
        "CarAI.Environment.EpisodeLength.mean": {
            "value": 4999.0,
            "min": 829.2,
            "max": 4999.0,
            "count": 719
        },
        "CarAI.Environment.EpisodeLength.sum": {
            "value": 19996.0,
            "min": 8292.0,
            "max": 24365.0,
            "count": 719
        },
        "CarAI.Environment.CumulativeReward.mean": {
            "value": 1.3792569361394271,
            "min": 0.7939294962561689,
            "max": 2.358563410991337,
            "count": 719
        },
        "CarAI.Environment.CumulativeReward.sum": {
            "value": 5.5170277445577085,
            "min": 4.754917737562209,
            "max": 20.56870445702225,
            "count": 719
        },
        "CarAI.Policy.ExtrinsicReward.mean": {
            "value": 1.3792569361394271,
            "min": 0.7939294962561689,
            "max": 2.358563410991337,
            "count": 719
        },
        "CarAI.Policy.ExtrinsicReward.sum": {
            "value": 5.5170277445577085,
            "min": 4.754917737562209,
            "max": 20.56870445702225,
            "count": 719
        },
        "CarAI.IsTraining.mean": {
            "value": 1.0,
            "min": 1.0,
            "max": 1.0,
            "count": 719
        },
        "CarAI.IsTraining.sum": {
            "value": 1.0,
            "min": 1.0,
            "max": 1.0,
            "count": 719
        },
        "CarAI.Losses.PolicyLoss.mean": {
            "value": 0.025446007691789417,
            "min": 0.017229279805906116,
            "max": 0.032211838976945725,
            "count": 698
        },
        "CarAI.Losses.PolicyLoss.sum": {
            "value": 0.025446007691789417,
            "min": 0.017229279805906116,
            "max": 0.032211838976945725,
            "count": 698
        },
        "CarAI.Losses.ValueLoss.mean": {
            "value": 7.894775751537964e-06,
            "min": 8.391048676041161e-07,
            "max": 0.0013431890722131357,
            "count": 698
        },
        "CarAI.Losses.ValueLoss.sum": {
            "value": 7.894775751537964e-06,
            "min": 8.391048676041161e-07,
            "max": 0.0013431890722131357,
            "count": 698
        },
        "CarAI.Policy.LearningRate.mean": {
            "value": 0.00047061539087692286,
            "min": 0.00047061539087692286,
            "max": 0.0004849498450100317,
            "count": 698
        },
        "CarAI.Policy.LearningRate.sum": {
            "value": 0.00047061539087692286,
            "min": 0.00047061539087692286,
            "max": 0.0004849498450100317,
            "count": 698
        },
        "CarAI.Policy.Epsilon.mean": {
            "value": 0.19412307700000003,
            "min": 0.19412307700000003,
            "max": 0.19698996840000005,
            "count": 698
        },
        "CarAI.Policy.Epsilon.sum": {
            "value": 0.19412307700000003,
            "min": 0.19412307700000003,
            "max": 0.19698996840000005,
            "count": 698
        },
        "CarAI.Policy.Beta.mean": {
            "value": 0.001,
            "min": 0.001,
            "max": 0.001,
            "count": 698
        },
        "CarAI.Policy.Beta.sum": {
            "value": 0.001,
            "min": 0.001,
            "max": 0.001,
            "count": 698
        }
    },
    "metadata": {
        "timer_format_version": "0.1.0",
        "start_time_seconds": "1739195161",
        "python_version": "3.10.11 (tags/v3.10.11:7d4cc5a, Apr  5 2023, 00:38:17) [MSC v.1929 64 bit (AMD64)]",
        "command_line_arguments": "C:\\Users\\OwenWork\\.pyenv\\pyenv-win\\versions\\3.10.11\\Scripts\\mlagents-learn config/CarAI.yaml --run-id=CarAITest54 --resume",
        "mlagents_version": "1.1.0",
        "mlagents_envs_version": "1.1.0",
        "communication_protocol_version": "1.5.0",
        "pytorch_version": "2.2.2+cu121",
        "numpy_version": "1.23.5",
        "end_time_seconds": "1739234463"
    },
    "total": 39301.6238508,
    "count": 1,
    "self": 0.005526200002350379,
    "children": {
        "run_training.setup": {
            "total": 0.08783059999998954,
            "count": 1,
            "self": 0.08783059999998954
        },
        "TrainerController.start_learning": {
            "total": 39301.530494,
            "count": 1,
            "self": 168.24538959844358,
            "children": {
                "TrainerController._reset_env": {
                    "total": 13.147847899999988,
                    "count": 1,
                    "self": 13.147847899999988
                },
                "TrainerController.advance": {
                    "total": 39120.09763640155,
                    "count": 14385618,
                    "self": 167.04543350569293,
                    "children": {
                        "env_step": {
                            "total": 36559.82787410402,
                            "count": 14385618,
                            "self": 29632.576184816426,
                            "children": {
                                "SubprocessEnvManager._take_step": {
                                    "total": 6811.727786598965,
                                    "count": 14385618,
                                    "self": 511.0228346018521,
                                    "children": {
                                        "TorchPolicy.evaluate": {
                                            "total": 6300.704951997113,
                                            "count": 14385618,
                                            "self": 6300.704951997113
                                        }
                                    }
                                },
                                "workers": {
                                    "total": 115.52390268862993,
                                    "count": 14385617,
                                    "self": 0.0,
                                    "children": {
                                        "worker_root": {
                                            "total": 39031.71890320073,
                                            "count": 14385617,
                                            "is_parallel": true,
                                            "self": 16848.542150296176,
                                            "children": {
                                                "steps_from_proto": {
                                                    "total": 0.0003432999999972708,
                                                    "count": 1,
                                                    "is_parallel": true,
                                                    "self": 8.919999999079664e-05,