{
    "name": "root",
    "gauges": {
        "CarAI.Policy.Entropy.mean": {
            "value": 0.24145342409610748,
            "min": 0.23625436425209045,
            "max": 1.4213941097259521,
            "count": 751
        },
        "CarAI.Policy.Entropy.sum": {
            "value": 4849.83349609375,
            "min": 4725.08740234375,
            "max": 28427.8828125,
            "count": 751
        },
        "CarAI.Step.mean": {
            "value": 15019928.0,
            "min": 19864.0,
            "max": 15019928.0,
            "count": 751
        },
        "CarAI.Step.sum": {
            "value": 15019928.0,
            "min": 19864.0,
            "max": 15019928.0,
            "count": 751
        },
        "CarAI.Policy.ExtrinsicValueEstimate.mean": {
            "value": 0.019838856533169746,
            "min": -0.14530453085899353,
            "max": 0.06373491138219833,
            "count": 751
        },
        "CarAI.Policy.ExtrinsicValueEstimate.sum": {
            "value": 1.606947422027588,
            "min": -11.479058265686035,
            "max": 5.098793029785156,
            "count": 751
        },
        "CarAI.Environment.EpisodeLength.mean": {
            "value": 3051.285714285714,
            "min": 1534.6153846153845,
            "max": 4999.0,
            "count": 751
        },
        "CarAI.Environment.EpisodeLength.sum": {
            "value": 21359.0,
            "min": 14997.0,
            "max": 24837.0,
            "count": 751
        },
        "CarAI.Environment.CumulativeReward.mean": {
            "value": 1.1104401707250093,
            "min": 0.2741950186609756,
            "max": 1.5970705184154212,
            "count": 751
        },
        "CarAI.Environment.CumulativeReward.sum": {
            "value": 7.773081195075065,
            "min": 0.8631421495229006,
            "max": 12.597119846846908,
            "count": 751
        },
        "CarAI.Policy.ExtrinsicReward.mean": {
            "value": 1.1104401707250093,
            "min": 0.2741950186609756,
            "max": 1.5970705184154212,
            "count": 751
        },
        "CarAI.Policy.ExtrinsicReward.sum": {
            "value": 7.773081195075065,
            "min": 0.8631421495229006,
            "max": 12.597119846846908,
            "count": 751
        },
        "CarAI.IsTraining.mean": {
            "value": 1.0,
            "min": 1.0,
            "max": 1.0,
            "count": 751
        },
        "CarAI.IsTraining.sum": {
            "value": 1.0,
            "min": 1.0,
            "max": 1.0,
            "count": 751
        },
        "CarAI.Losses.PolicyLoss.mean": {
            "value": 0.022654568621267874,
            "min": 0.017179582046810537,
            "max": 0.03110973866035541,
            "count": 730
        },
        "CarAI.Losses.PolicyLoss.sum": {
            "value": 0.022654568621267874,
            "min": 0.017179582046810537,
            "max": 0.03110973866035541,
            "count": 730
        },
        "CarAI.Losses.ValueLoss.mean": {
            "value": 2.5680675222853702e-05,
            "min": 5.214091860731666e-06,
            "max": 0.018065119095263073,
            "count": 730
        },
        "CarAI.Losses.ValueLoss.sum": {
            "value": 2.5680675222853702e-05,
            "min": 5.214091860731666e-06,
            "max": 0.018065119095263073,
            "count": 730
        },
        "CarAI.Policy.LearningRate.mean": {
            "value": 0.00048499519500096167,
            "min": 0.00048499519500096167,
            "max": 0.0004999794880041025,
            "count": 730
        },
        "CarAI.Policy.LearningRate.sum": {
            "value": 0.00048499519500096167,
            "min": 0.00048499519500096167,
            "max": 0.0004999794880041025,
            "count": 730
        },
        "CarAI.Policy.Epsilon.mean": {
            "value": 0.1969990384,
            "min": 0.1969990384,
            "max": 0.19999589760000008,
            "count": 730
        },
        "CarAI.Policy.Epsilon.sum": {
            "value": 0.1969990384,
            "min": 0.1969990384,
            "max": 0.19999589760000008,
            "count": 730
        },
        "CarAI.Policy.Beta.mean": {
            "value": 0.001,
            "min": 0.001,
            "max": 0.001,
            "count": 730
        },
        "CarAI.Policy.Beta.sum": {
            "value": 0.001,
            "min": 0.001,
            "max": 0.001,
            "count": 730
        }
    },
    "metadata": {
        "timer_format_version": "0.1.0",
        "start_time_seconds": "1738846645",
        "python_version": "3.10.11 (tags/v3.10.11:7d4cc5a, Apr  5 2023, 00:38:17) [MSC v.1929 64 bit (AMD64)]",
        "command_line_arguments": "C:\\Users\\OwenWork\\.pyenv\\pyenv-win\\versions\\3.10.11\\Scripts\\mlagents-learn config/CarAI.yaml --run-id=CarAITest54",
        "mlagents_version": "1.1.0",
        "mlagents_envs_version": "1.1.0",
        "communication_protocol_version": "1.5.0",
        "pytorch_version": "2.2.2+cu121",
        "numpy_version": "1.23.5",
        "end_time_seconds": "1738888842"
    },
    "total": 42196.144658699995,
    "count": 1,
    "self": 0.005743499998061452,
    "children": {
        "run_training.setup": {
            "total": 0.07628930000009859,
            "count": 1,
            "self": 0.07628930000009859
        },
        "TrainerController.start_learning": {
            "total": 42196.0626259,
            "count": 1,
            "self": 154.00092980621412,
            "children": {
                "TrainerController._reset_env": {
                    "total": 12.535544800000025,
                    "count": 1,
                    "self": 12.535544800000025
                },
                "TrainerController.advance": {
                    "total": 42029.49317369379,
                    "count": 15029801,
                    "self": 135.59581259964034,
                    "children": {
                        "env_step": {
                            "total": 39511.585155091365,
                            "count": 15029801,
                            "self": 32932.07540977433,
                            "children": {
                                "SubprocessEnvManager._take_step": {
                                    "total": 6476.48714380426,
                                    "count": 15029801,
                                    "self": 448.4138664977836,
                                    "children": {
                                        "TorchPolicy.evaluate": {
                                            "total": 6028.0732773064765,
                                            "count": 15029801,
                                            "self": 6028.0732773064765
                                        }
                                    }
                                },
                                "workers": {
                                    "total": 103.02260151277915,
                                    "count": 15029800,
                                    "self": 0.0,
                                    "children": {
                                        "worker_root": {
                                            "total": 41940.437876198266,
                                            "count": 15029800,
                                            "is_parallel": true,
                                            "self": 15884.069758298436,
                                            "children": {
                                                "steps_from_proto": {
                                                    "total": 0.00022059999992052326,
                                                    "count": 1,
                                                    "is_parallel": true,
                                                    "self": 6.120000034570694e-05,